{
	"credit": "Made with Blockbench",
	"texture_size": [32, 32],
	"textures": {
		"1": "custom/key_pickup",
		"particle": "custom/portal_base",
		"1_0": "custom/portal_base"
	},
	"elements": [
		{
			"from": [3, 0, 3],
			"to": [13, 3, 13],
			"faces": {
				"north": {"uv": [3, 0, 13, 3], "texture": "#1_0"},
				"east": {"uv": [3, 0, 13, 3], "texture": "#1_0"},
				"south": {"uv": [3, 0, 13, 3], "texture": "#1_0"},
				"west": {"uv": [3, 0, 13, 3], "texture": "#1_0"},
				"up": {"uv": [3, 3, 13, 13], "texture": "#1_0"},
				"down": {"uv": [3, 3, 13, 13], "texture": "#1_0"}
			}
		},
		{
			"from": [4, 3, 4],
			"to": [12, 13, 12],
			"faces": {
				"north": {"uv": [0, 0, 8, 10], "texture": "#1"},
				"east": {"uv": [0, 0, 8, 10], "texture": "#1"},
				"south": {"uv": [0, 0, 8, 10], "texture": "#1"},
				"west": {"uv": [0, 0, 8, 10], "texture": "#1"},
				"up": {"uv": [8, 0, 16, 8], "texture": "#1"},
				"down": {"uv": [0, 0, 8, 8], "texture": "#1"}
			}
		}
	],
	"display": {
		"firstperson_righthand": {
			"rotation": [-29.5, -2, 0],
			"translation": [0, 2.75, 0]
		},
		"firstperson_lefthand": {
			"rotation": [-29.5, -2, 0],
			"translation": [0, 2.75, 0]
		},
		"ground": {
			"translation": [0, 2.25, 0]
		},
		"gui": {
			"rotation": [0, -102, -156.25],
			"translation": [0.75, 0, 0]
		},
		"head": {
			"translation": [1, 2.75, -1],
			"scale": [2, 2, 2]
		},
		"fixed": {
			"rotation": [0, -89.5, 0],
			"translation": [0.5, 0, 0]
		}
	},
	"groups": [
		{
			"name": "group",
			"origin": [8, 8, 8],
			"color": 0,
			"children": [
				{
					"name": "potted_bamboo",
					"origin": [8, 8, 8],
					"color": 0,
					"children": [0, 1]
				}
			]
		}
	]
}