{
	"credit": "Made with Blockbench",
	"texture_size": [32, 32],
	"textures": {
		"0": "custom/key",
		"1": "custom/key_pickup",
		"particle": "custom/portal_base",
		"1_0": "custom/portal_base"
	},
	"elements": [
		{
			"from": [7.5, 15, 4.66667],
			"to": [8.5, 21, 11.66667],
			"rotation": {"angle": 0, "axis": "x", "origin": [7.5, 7.91667, 9.33333]},
			"faces": {
				"north": {"uv": [3, 3, 3.5, 6], "texture": "#0"},
				"east": {"uv": [0, 3, 3.5, 6], "texture": "#0"},
				"south": {"uv": [3, 3, 3.5, 6], "texture": "#0"},
				"west": {"uv": [0, 3, 3.5, 6], "texture": "#0"},
				"up": {"uv": [5, 4, 4.5, 0.5], "rotation": 180, "texture": "#0"},
				"down": {"uv": [4.5, 5, 5, 6], "rotation": 180, "texture": "#0"}
			}
		},
		{
			"from": [7.5, 7, 4.66667],
			"to": [8.5, 9, 6.66667],
			"rotation": {"angle": 0, "axis": "x", "origin": [7.5, 7.91667, 9.33333]},
			"faces": {
				"north": {"uv": [6.5, 3, 7, 4], "texture": "#0"},
				"east": {"uv": [6, 3, 7, 4], "texture": "#0"},
				"south": {"uv": [7, 3, 7.5, 4], "texture": "#0"},
				"west": {"uv": [7, 3, 6, 4], "texture": "#0"},
				"up": {"uv": [3.5, 6, 3, 5], "rotation": 180, "texture": "#0"},
				"down": {"uv": [5, 4.5, 4.5, 5], "rotation": 180, "texture": "#0"}
			}
		},
		{
			"from": [7.5, 6, 6.66667],
			"to": [8.5, 15, 9.66667],
			"rotation": {"angle": 0, "axis": "x", "origin": [7.5, 7.91667, 9.33333]},
			"faces": {
				"north": {"uv": [4.5, 4.5, 5, 9], "texture": "#0"},
				"east": {"uv": [3.5, 4.5, 5, 9], "texture": "#0"},
				"south": {"uv": [3.5, 4.5, 4, 9], "texture": "#0"},
				"west": {"uv": [5, 4.5, 3.5, 9], "texture": "#0"},
				"up": {"uv": [2, 8.5, 1.5, 7], "rotation": 180, "texture": "#0"},
				"down": {"uv": [3.5, 3.5, 3, 5], "rotation": 180, "texture": "#0"}
			}
		},
		{
			"from": [7.5, 16, 11.66667],
			"to": [8.5, 20, 12.66667],
			"rotation": {"angle": 0, "axis": "x", "origin": [7.5, 7.91667, 9.33333]},
			"faces": {
				"north": {"uv": [6.5, 0, 7, 2], "texture": "#0"},
				"east": {"uv": [6.5, 4, 7, 6], "texture": "#0"},
				"south": {"uv": [6.5, 4, 7, 6], "texture": "#0"},
				"west": {"uv": [1, 7, 1.5, 9], "texture": "#0"},
				"up": {"uv": [4, 8, 3.5, 7.5], "rotation": 180, "texture": "#0"},
				"down": {"uv": [5, 5.5, 4.5, 6], "rotation": 180, "texture": "#0"}
			}
		},
		{
			"from": [7.5, 16, 3.66667],
			"to": [8.5, 20, 4.66667],
			"rotation": {"angle": 0, "axis": "x", "origin": [7.5, 7.91667, 9.33333]},
			"faces": {
				"north": {"uv": [1, 7, 1.5, 9], "texture": "#0"},
				"east": {"uv": [1, 7, 1.5, 9], "texture": "#0"},
				"south": {"uv": [6.5, 6, 7, 8], "texture": "#0"},
				"west": {"uv": [6.5, 4, 7, 6], "texture": "#0"},
				"up": {"uv": [4, 8, 3.5, 7.5], "rotation": 180, "texture": "#0"},
				"down": {"uv": [7, 5.5, 6.5, 6], "rotation": 180, "texture": "#0"}
			}
		},
		{
			"from": [7.5, 10, 4.66667],
			"to": [8.5, 12, 6.66667],
			"rotation": {"angle": 0, "axis": "x", "origin": [7.5, 7.91667, 9.33333]},
			"faces": {
				"north": {"uv": [6.5, 3, 7, 4], "texture": "#0"},
				"east": {"uv": [1.5, 6, 2.5, 7], "texture": "#0"},
				"south": {"uv": [6.5, 2, 7, 3], "texture": "#0"},
				"west": {"uv": [2.5, 6, 1.5, 7], "texture": "#0"},
				"up": {"uv": [3.5, 6, 3, 5], "rotation": 180, "texture": "#0"},
				"down": {"uv": [4.5, 4.5, 4, 5], "rotation": 180, "texture": "#0"}
			}
		},
		{
			"from": [3, 0, 3],
			"to": [13, 3, 13],
			"faces": {
				"north": {"uv": [3, 0, 13, 3], "texture": "#1_0"},
				"east": {"uv": [3, 0, 13, 3], "texture": "#1_0"},
				"south": {"uv": [3, 0, 13, 3], "texture": "#1_0"},
				"west": {"uv": [3, 0, 13, 3], "texture": "#1_0"},
				"up": {"uv": [3, 3, 13, 13], "texture": "#1_0"},
				"down": {"uv": [3, 3, 13, 13], "texture": "#1_0"}
			}
		},
		{
			"from": [4, 3, 4],
			"to": [12, 13, 12],
			"faces": {
				"north": {"uv": [0, 0, 8, 10], "texture": "#1"},
				"east": {"uv": [0, 0, 8, 10], "texture": "#1"},
				"south": {"uv": [0, 0, 8, 10], "texture": "#1"},
				"west": {"uv": [0, 0, 8, 10], "texture": "#1"},
				"up": {"uv": [8, 0, 16, 8], "texture": "#1"},
				"down": {"uv": [0, 0, 8, 8], "texture": "#1"}
			}
		}
	],
	"display": {
		"firstperson_righthand": {
			"rotation": [-29.5, -2, 0],
			"translation": [0, 2.75, 0]
		},
		"firstperson_lefthand": {
			"rotation": [-29.5, -2, 0],
			"translation": [0, 2.75, 0]
		},
		"ground": {
			"translation": [0, 2.25, 0]
		},
		"gui": {
			"rotation": [0, -102, -156.25],
			"translation": [0.75, 0, 0]
		},
		"head": {
			"translation": [1, 2.75, -1],
			"scale": [2, 2, 2]
		},
		"fixed": {
			"rotation": [0, -89.5, 0],
			"translation": [0.5, 0, 0]
		}
	},
	"groups": [
		{
			"name": "group",
			"origin": [8, 8, 8],
			"color": 0,
			"children": [
				{
					"name": "group",
					"origin": [8, 8, 8],
					"color": 0,
					"children": [0, 1, 2, 3, 4, 5]
				},
				{
					"name": "potted_poppy",
					"origin": [8, 8, 8],
					"color": 0,
					"children": [6, 7]
				}
			]
		}
	]
}