{
	"credit": "Made with Blockbench",
	"textures": {
		"0": "custom/portal_base",
		"1": "custom/portal_e",
		"2": "item/ender_eye",
		"particle": "custom/portal_base"
	},
	"elements": [
		{
			"from": [3, 0, 3],
			"to": [13, 3, 13],
			"faces": {
				"north": {"uv": [3, 0, 13, 3], "texture": "#0"},
				"east": {"uv": [3, 0, 13, 3], "texture": "#0"},
				"south": {"uv": [3, 0, 13, 3], "texture": "#0"},
				"west": {"uv": [3, 0, 13, 3], "texture": "#0"},
				"up": {"uv": [3, 3, 13, 13], "texture": "#0"},
				"down": {"uv": [3, 3, 13, 13], "texture": "#0"}
			}
		},
		{
			"from": [4, 3, 4],
			"to": [12, 13, 12],
			"faces": {
				"north": {"uv": [0, 0, 8, 10], "texture": "#1"},
				"east": {"uv": [0, 0, 8, 10], "texture": "#1"},
				"south": {"uv": [0, 0, 8, 10], "texture": "#1"},
				"west": {"uv": [0, 0, 8, 10], "texture": "#1"},
				"up": {"uv": [8, 0, 16, 8], "texture": "#1"},
				"down": {"uv": [0, 0, 8, 8], "texture": "#1"}
			}
		},
		{
			"from": [6, 13, 6],
			"to": [10, 15, 10],
			"faces": {
				"north": {"uv": [6, 11, 11, 13], "texture": "#2"},
				"east": {"uv": [6, 6, 11, 4], "texture": "#2"},
				"south": {"uv": [5, 6, 10, 4], "texture": "#2"},
				"west": {"uv": [7, 11, 12, 13], "texture": "#2"},
				"up": {"uv": [6, 6, 11, 11], "texture": "#2"},
				"down": {"uv": [0, 0, 4, 4], "texture": "#2"}
			}
		}
	],
	"display": {}
}