{
	"credit": "Made with Blockbench by EdLePug",
	"texture_size": [32, 32],
	"textures": {
		"0": "custom/key",
		"particle": "custom/key"
	},
	"elements": [
		{
			"from": [7, 6.83333, 7],
			"to": [8, 15.83333, 10],
			"rotation": {"angle": 0, "axis": "z", "origin": [7.5, 7.91667, 9.33333]},
			"faces": {
				"north": {"uv": [3.5, 4.5, 4, 9], "rotation": 180, "texture": "#0"},
				"east": {"uv": [3.5, 4.5, 5, 9], "rotation": 180, "texture": "#0"},
				"south": {"uv": [4.5, 4.5, 5, 9], "rotation": 180, "texture": "#0"},
				"west": {"uv": [5, 4.5, 3.5, 9], "rotation": 180, "texture": "#0"},
				"up": {"uv": [3.5, 3.5, 3, 5], "rotation": 180, "texture": "#0"},
				"down": {"uv": [2, 8.5, 1.5, 7], "rotation": 180, "texture": "#0"}
			}
		},
		{
			"from": [7, 0.83333, 5],
			"to": [8, 6.83333, 12],
			"rotation": {"angle": 0, "axis": "z", "origin": [7.5, 7.91667, 9.33333]},
			"faces": {
				"north": {"uv": [3, 3, 3.5, 6], "rotation": 180, "texture": "#0"},
				"east": {"uv": [0, 3, 3.5, 6], "rotation": 180, "texture": "#0"},
				"south": {"uv": [3, 3, 3.5, 6], "rotation": 180, "texture": "#0"},
				"west": {"uv": [0, 3, 3.5, 6], "rotation": 180, "texture": "#0"},
				"up": {"uv": [4.5, 5, 5, 6], "rotation": 180, "texture": "#0"},
				"down": {"uv": [5, 4, 4.5, 0.5], "rotation": 180, "texture": "#0"}
			}
		},
		{
			"from": [7, 1.83333, 12],
			"to": [8, 5.83333, 13],
			"rotation": {"angle": 0, "axis": "z", "origin": [7.5, 7.91667, 9.33333]},
			"faces": {
				"north": {"uv": [6.5, 6, 7, 8], "rotation": 180, "texture": "#0"},
				"east": {"uv": [1, 7, 1.5, 9], "rotation": 180, "texture": "#0"},
				"south": {"uv": [1, 7, 1.5, 9], "rotation": 180, "texture": "#0"},
				"west": {"uv": [6.5, 4, 7, 6], "rotation": 180, "texture": "#0"},
				"up": {"uv": [7, 5.5, 6.5, 6], "rotation": 180, "texture": "#0"},
				"down": {"uv": [4, 8, 3.5, 7.5], "rotation": 180, "texture": "#0"}
			}
		},
		{
			"from": [7, 12.83333, 10],
			"to": [8, 14.83333, 12],
			"rotation": {"angle": 0, "axis": "z", "origin": [7.5, 7.91667, 9.33333]},
			"faces": {
				"north": {"uv": [7, 3, 7.5, 4], "rotation": 180, "texture": "#0"},
				"east": {"uv": [6, 3, 7, 4], "rotation": 180, "texture": "#0"},
				"south": {"uv": [6.5, 3, 7, 4], "rotation": 180, "texture": "#0"},
				"west": {"uv": [7, 3, 6, 4], "rotation": 180, "texture": "#0"},
				"up": {"uv": [5, 4.5, 4.5, 5], "rotation": 180, "texture": "#0"},
				"down": {"uv": [3.5, 6, 3, 5], "rotation": 180, "texture": "#0"}
			}
		},
		{
			"from": [7, 9.83333, 10],
			"to": [8, 11.83333, 12],
			"rotation": {"angle": 0, "axis": "z", "origin": [7.5, 7.91667, 9.33333]},
			"faces": {
				"north": {"uv": [6.5, 2, 7, 3], "rotation": 180, "texture": "#0"},
				"east": {"uv": [1.5, 6, 2.5, 7], "rotation": 180, "texture": "#0"},
				"south": {"uv": [6.5, 3, 7, 4], "rotation": 180, "texture": "#0"},
				"west": {"uv": [2.5, 6, 1.5, 7], "rotation": 180, "texture": "#0"},
				"up": {"uv": [4.5, 4.5, 4, 5], "rotation": 180, "texture": "#0"},
				"down": {"uv": [3.5, 6, 3, 5], "rotation": 180, "texture": "#0"}
			}
		},
		{
			"from": [7, 1.83333, 4],
			"to": [8, 5.83333, 5],
			"rotation": {"angle": 0, "axis": "z", "origin": [7.5, 7.91667, 9.33333]},
			"faces": {
				"north": {"uv": [6.5, 4, 7, 6], "rotation": 180, "texture": "#0"},
				"east": {"uv": [6.5, 4, 7, 6], "rotation": 180, "texture": "#0"},
				"south": {"uv": [6.5, 0, 7, 2], "rotation": 180, "texture": "#0"},
				"west": {"uv": [1, 7, 1.5, 9], "rotation": 180, "texture": "#0"},
				"up": {"uv": [5, 5.5, 4.5, 6], "rotation": 180, "texture": "#0"},
				"down": {"uv": [4, 8, 3.5, 7.5], "rotation": 180, "texture": "#0"}
			}
		}
	],
	"display": {
		"firstperson_righthand": {
			"rotation": [-29.5, -2, 0],
			"translation": [0, 2.75, 0]
		},
		"firstperson_lefthand": {
			"rotation": [-29.5, -2, 0],
			"translation": [0, 2.75, 0]
		},
		"ground": {
			"translation": [0, 2.25, 0]
		},
		"gui": {
			"rotation": [0, -102, -156.25],
			"translation": [0.75, 0, 0]
		},
		"head": {
			"translation": [1, 2.75, -1],
			"scale": [2, 2, 2]
		},
		"fixed": {
			"rotation": [0, -89.5, 0],
			"translation": [0.5, 0, 0]
		}
	}
}