{
	"credit": "Made with Blockbench",
	"textures": {
		"0": "custom/lock",
		"1": "custom/bar",
		"particle": "custom/lock"
	},
	"elements": [
		{
			"from": [6, 0, 3],
			"to": [9, 8, 13],
			"faces": {
				"north": {"uv": [0, 8, 1.5, 12], "texture": "#0"},
				"east": {"uv": [0, 0, 5, 4], "texture": "#0"},
				"south": {"uv": [1.5, 8, 3, 12], "texture": "#0"},
				"west": {"uv": [0, 4, 5, 8], "texture": "#0"},
				"up": {"uv": [6.5, 12, 5, 7], "texture": "#0"},
				"down": {"uv": [8, 7, 6.5, 12], "texture": "#0"}
			}
		},
		{
			"from": [7, 8, 10],
			"to": [8, 14, 12],
			"faces": {
				"north": {"uv": [0, 0, 1, 5], "texture": "#1"},
				"east": {"uv": [0, 0, 2, 5], "texture": "#1"},
				"south": {"uv": [0, 0, 1, 5], "texture": "#1"},
				"west": {"uv": [0, 0, 2, 5], "texture": "#1"},
				"up": {"uv": [0, 0, 1, 2], "texture": "#1"},
				"down": {"uv": [0, 0, 1, 2], "texture": "#missing"}
			}
		},
		{
			"from": [7, 8, 4],
			"to": [8, 14, 6],
			"faces": {
				"north": {"uv": [4, 0, 5, 5], "texture": "#1"},
				"east": {"uv": [0, 0, 2, 5], "texture": "#1"},
				"south": {"uv": [0, 5, 1, 10], "texture": "#1"},
				"west": {"uv": [2, 0, 4, 5], "texture": "#1"},
				"up": {"uv": [6, 2, 5, 0], "texture": "#1"},
				"down": {"uv": [2, 5, 1, 7], "texture": "#1"}
			}
		},
		{
			"from": [7, 12, 6],
			"to": [8, 14, 10],
			"faces": {
				"north": {"uv": [0, 0, 1, 2], "texture": "#missing"},
				"east": {"uv": [0, 0, 4, 2], "texture": "#1"},
				"south": {"uv": [0, 0, 1, 2], "texture": "#missing"},
				"west": {"uv": [0, 0, 4, 2], "texture": "#1"},
				"up": {"uv": [0, 0, 1, 4], "texture": "#1"},
				"down": {"uv": [0, 0, 1, 4], "texture": "#1"}
			}
		}
	],
	"display": {
		"fixed": {
			"rotation": [0, -89.5, 0],
			"translation": [0, 13, 18],
			"scale": [5, 1.5, 1.5]
		}
	}
}